{"cameraMode":{"drawMode":0,"name":"Shaded","section":"Shading Mode"},"sceneLighting":false,"audioPlay":false,"sceneViewState":{"showFog":true,"showMaterialUpdate":false,"showSkybox":false,"showFlares":true,"showImageEffects":true,"showParticleSystems":true},"in2DMode":false,"pivot":{"x":0.0,"y":-0.003000000026077032,"z":0.08799999952316284},"rotation":{"x":0.09280306845903397,"y":0.46214279532432558,"z":-0.04870568588376045,"w":0.8805938959121704},"size":0.33216434717178347,"orthographic":false}