{"cameraMode":{"drawMode":0,"name":"Shaded","section":"Shading Mode"},"sceneLighting":true,"audioPlay":false,"sceneViewState":{"showFog":true,"showMaterialUpdate":false,"showSkybox":true,"showFlares":true,"showImageEffects":true,"showParticleSystems":true},"in2DMode":false,"pivot":{"x":-493.37384033203127,"y":-246.6068572998047,"z":846.9712524414063},"rotation":{"x":-0.2792474925518036,"y":0.4923875629901886,"z":-0.17047791182994843,"w":-0.806544303894043},"size":238.83706665039063,"orthographic":false}