{"cameraMode":{"drawMode":0,"name":"Shaded","section":"Shading Mode"},"sceneLighting":false,"audioPlay":false,"sceneViewState":{"showFog":true,"showMaterialUpdate":false,"showSkybox":false,"showFlares":true,"showImageEffects":true,"showParticleSystems":true},"in2DMode":false,"pivot":{"x":0.3192596435546875,"y":1.7993600368499756,"z":0.7744027972221375},"rotation":{"x":0.11912079155445099,"y":0.6919080018997192,"z":-0.11734643578529358,"w":0.7023642659187317},"size":3.2813851833343508,"orthographic":false}