{"cameraMode":{"drawMode":0,"name":"Shaded","section":"Shading Mode"},"sceneLighting":true,"audioPlay":false,"sceneViewState":{"showFog":true,"showMaterialUpdate":false,"showSkybox":true,"showFlares":true,"showImageEffects":true,"showParticleSystems":true},"in2DMode":false,"pivot":{"x":94.58988952636719,"y":93.77971649169922,"z":128.14697265625},"rotation":{"x":-0.12587890028953553,"y":-0.29663196206092837,"z":0.03947862237691879,"w":-0.945837676525116},"size":109.89016723632813,"orthographic":false}